tRNA_ID,cluster_ID
tdbD00000066_tRNA-Ala-TGC-1-1,Escherichia_coli_str_K12_substr_MG1655_tRNA-Ala-TGC-1-1
tdbD00000067_tRNA-Ala-GGC-1-1,Escherichia_coli_str_K12_substr_MG1655_tRNA-Ala-GGC-1-1
tdbD00002452_tRNA-Arg-ACG-1-1,Escherichia_coli_str_K12_substr_MG1655_tRNA-Arg-ACG-1-1
tdbD00002450_tRNA-Arg-CCG-1-1,Escherichia_coli_str_K12_substr_MG1655_tRNA-Arg-CCG-1-1
tdbD00002451_tRNA-Arg-TCT-1-1,Escherichia_coli_str_K12_substr_MG1655_tRNA-Arg-TCT-1-1
tdbD00002453_tRNA-Arg-CCT-1-1,Escherichia_coli_str_K12_substr_MG1655_tRNA-Arg-CCT-1-1
tdbD00001950_tRNA-Asn-GTT-1-1,Escherichia_coli_str_K12_substr_MG1655_tRNA-Asn-GTT-1-1
tdbD00000404_tRNA-Asp-GTC-1-1,Escherichia_coli_str_K12_substr_MG1655_tRNA-Asp-GTC-1-1
tdbD00000258_tRNA-Cys-GCA-1-1,Escherichia_coli_str_K12_substr_MG1655_tRNA-Cys-GCA-1-1
tdbD00002281_tRNA-Gln-CTG-1-1,Escherichia_coli_str_K12_substr_MG1655_tRNA-Gln-CTG-1-1
tdbD00002280_tRNA-Gln-TTG-1-1,Escherichia_coli_str_K12_substr_MG1655_tRNA-Gln-TTG-1-1
tdbD00010647_tRNA-Thr-TGT-1-1,Escherichia_coli_str_K12_substr_MG1655_tRNA-Thr-TGT-1-1
tdbD00000541_tRNA-Glu-TTC-1-1,Escherichia_coli_str_K12_substr_MG1655_tRNA-Glu-TTC-1-1
tdbD00000838_tRNA-Gly-GCC-1-1,Escherichia_coli_str_K12_substr_MG1655_tRNA-Gly-GCC-1-1
tdbD00000837_tRNA-Gly-TCC-1-1,Escherichia_coli_str_K12_substr_MG1655_tRNA-Gly-TCC-1-1
tdbD00007028_tRNA-Leu-CAG-2-1,Escherichia_coli_str_K12_substr_MG1655_tRNA-Leu-CAG-2-1
tdbD00000839_tRNA-Gly-CCC-1-1,Escherichia_coli_str_K12_substr_MG1655_tRNA-Gly-CCC-1-1
tdbD00000988_tRNA-His-GTG-1-1,Escherichia_coli_str_K12_substr_MG1655_tRNA-His-GTG-1-1
tdbD00001163_tRNA-Ile-GAT-1-1,Escherichia_coli_str_K12_substr_MG1655_tRNA-Ile-GAT-1-1
tdbD00001164_tRNA-Ile-CAT-1-1,Escherichia_coli_str_K12_substr_MG1655_tRNA-Ile2-CAT-1-1
tdbD00003429_tRNA-Ini-CAT-2-1,Escherichia_coli_str_K12_substr_MG1655_tRNA-fMet-CAT-2-1
tdbD00003430_tRNA-Ini-CAT-3-1,Escherichia_coli_str_K12_substr_MG1655_tRNA-fMet-CAT-1-1
tdbD00001537_tRNA-Leu-TAA-1-1,Escherichia_coli_str_K12_substr_MG1655_tRNA-Leu-TAA-1-1
tdbD00001535_tRNA-Leu-CAA-1-1,Escherichia_coli_str_K12_substr_MG1655_tRNA-Leu-CAA-1-1
tdbD00001536_tRNA-Leu-GAG-1-1,Escherichia_coli_str_K12_substr_MG1655_tRNA-Leu-GAG-1-1
tdbD00001533_tRNA-Leu-CAG-1-1,Escherichia_coli_str_K12_substr_MG1655_tRNA-Leu-CAG-1-1
tdbD00001534_tRNA-Leu-TAG-1-1,Escherichia_coli_str_K12_substr_MG1655_tRNA-Leu-TAG-1-1
tdbD00001359_tRNA-Lys-TTT-1-1,Escherichia_coli_str_K12_substr_MG1655_tRNA-Lys-TTT-1-1
tdbD00001807_tRNA-Met-CAT-4-1,Escherichia_coli_str_K12_substr_MG1655_tRNA-Met-CAT-1-1
tdbD00000686_tRNA-Phe-GAA-1-1,Escherichia_coli_str_K12_substr_MG1655_tRNA-Phe-GAA-1-1
tdbD00002115_tRNA-Pro-GGG-1-1,Escherichia_coli_str_K12_substr_MG1655_tRNA-Pro-GGG-1-1
tdbD00007320_tRNA-Met-CAT-4-1,Escherichia_coli_str_K12_substr_MG1655_tRNA-Ile2-CAT-2-1
tdbD00002113_tRNA-Pro-TGG-1-1,Escherichia_coli_str_K12_substr_MG1655_tRNA-Pro-TGG-1-1
tdbD00002114_tRNA-Pro-CGG-1-1,Escherichia_coli_str_K12_substr_MG1655_tRNA-Pro-CGG-1-1
tdbD00002653_tRNA-Ser-TGA-1-1,Escherichia_coli_str_K12_substr_MG1655_tRNA-Ser-TGA-1-1
tdbD00002652_tRNA-Ser-CGA-1-1,Escherichia_coli_str_K12_substr_MG1655_tRNA-Ser-CGA-1-1
tdbD00002654_tRNA-Ser-GCT-1-1,Escherichia_coli_str_K12_substr_MG1655_tRNA-Ser-GCT-1-1
tdbD00002655_tRNA-Ser-GGA-1-1,Escherichia_coli_str_K12_substr_MG1655_tRNA-Ser-GGA-1-1
tdbD00002959_tRNA-Thr-CGT-1-1,Escherichia_coli_str_K12_substr_MG1655_tRNA-Thr-CGT-1-1
tdbD00002957_tRNA-Thr-GGT-2-1,Escherichia_coli_str_K12_substr_MG1655_tRNA-Thr-GGT-1-1
tdbD00002960_tRNA-Thr-GGT-3-1,Escherichia_coli_str_K12_substr_MG1655_tRNA-Thr-GGT-2-1
tdbD00003289_tRNA-Trp-CCA-1-1,Escherichia_coli_str_K12_substr_MG1655_tRNA-Trp-CCA-1-1
tdbD00003526_tRNA-Tyr-GTA-1-1,Escherichia_coli_str_K12_substr_MG1655_tRNA-Tyr-GTA-1-1
tdbD00003527_tRNA-Tyr-GTA-2-1,Escherichia_coli_str_K12_substr_MG1655_tRNA-Tyr-GTA-2-1
tdbD00003122_tRNA-Val-GAC-1-1,Escherichia_coli_str_K12_substr_MG1655_tRNA-Val-GAC-1-1
tdbD00003123_tRNA-Val-GAC-2-1,Escherichia_coli_str_K12_substr_MG1655_tRNA-Val-GAC-2-1
tdbD00003121_tRNA-Val-TAC-1-1,Escherichia_coli_str_K12_substr_MG1655_tRNA-Val-TAC-1-1
